nombre;fecha_inicio;fecha_cierre;region;link;estado;descripcion_corta;requisitos
CONVOCATORIA CDPR METROPOLITANO 2026: VIRALIZA FORMACIÓN;04/05/2026;04/06/2026;Metropolitana;https://www.corfo.gob.cl/sites/cpp/convocatoria/cdpr-metropolitano-viraliza-formacion-2026/;Abiertas;"Se busca fortalecer la articulación entre los actores del ecosistema dinámico de la región Metropolitana, promoviendo colaboración, transferencia de conocimientos, herramientas, habilidades y/o metodologías, en los siguientes focos: Turismo Inteligente y Sostenible; Desarrollo Productivo Sostenible y Economía Circular; y Emprendimiento orientado a ciudades inteligentes y encadenamientos productivos en la Región Metropolitana.";Beneficiarios: ⏎ Pueden postular personas jurídicas constituidas o creadas en Chile. ⏎ Coejecutores y/o asociados deben ser personas jurídicas constituidas o creadas en Chile. ⏎ Bases legales ⏎ Focalización Territorial: ⏎ El proyecto debe ser ejecutado en la Región Metropolitana. En mérito de lo anterior, el número de Beneficiarios Atendidos y los resultados comprometidos se medirán únicamente en función de los participantes atendidos de dicha región. Además, la formulación del proyecto deberá tener coherencia con la Región Metropolitana de Santiago, considerando aspectos como conocimiento y experiencia ejecutando proyectos en ⏎ el territorio, con emprendedores relacionados con la categoría específica del llamado. ⏎ Focalización Temática: ⏎ a. Turismo Inteligente y Sostenible. ⏎ b. Desarrollo Productivo Sostenible y Economía Circular. ⏎ c. Emprendimiento orientado a ciudades inteligentes y encadenamientos productivos (ver documento de focalización y anexo N°1)
DESARROLLA INVERSIÓN PRODUCTIVA – REGIÓN DE AYSÉN – 1° CONVOCATORIA 2026;04/05/2026;04/06/2026;Aysén;https://www.corfo.gob.cl/sites/cpp/convocatoria/desarrolla-inversion-productiva-region-de-aysen-1-convocatoria-2026/;Abiertas;Buscamos apoyar la materialización de proyectos de inversión productiva con potencial de generación de externalidades positivas, mediante el otorgamiento de un cofinanciamiento para la adquisición de activo fijo, habilitación de infraestructura productiva y capital de trabajo. Se entenderá por proyectos de inversión productiva, aquellos que tengan por objeto la producción y comercialización de bienes o servicios, que contribuyan al incremento de la actividad económica y generen nuevos empleos.;Contribuyentes que tributen en Primera Categoría. ⏎ Empresas privadas no constituidas en Chile, que tributen en los términos señalados en el numeral 1, o que desarrollen actividades similares a aquellas gravadas en Chile por el Impuesto de Primera Categoría, que desarrollen proyectos de inversión productiva o de servicios. ⏎ Bases legales ⏎ Proyecto de inversión estimado sea igual o superior a $ 12.000.000 (doce millones de pesos). ⏎ Cuando el beneficiario sea una empresa de base indígena o una cooperativa indígena, Proyecto de inversión estimado sea igual o superior a $ 10.000.000 (diez millones de pesos).
PAR – REGIÓN DE AYSÉN – 1° CONVOCATORIA 2026 LITORAL DE AYSÉN;04/05/2026;29/05/2026;Aysén;https://www.corfo.gob.cl/sites/cpp/convocatoria/par-aysen-1-convocatoria-litoral-de-aysen-2026/;Abiertas;Programa que busca apoyar la reactivación productiva de micro y pequeñas empresas del litoral de la Región de Aysén, mediante el cofinanciamiento de proyectos de inversión que fortalezcan sus capacidades, mejoren su gestión y les permitan acceder a nuevas oportunidades de negocio.;Podrán postular proyectos que se ejecuten por contribuyentes de primera categoría del SII en las Comunas de Guaitecas, Aysén y Tortel. ⏎ La focalización temática es de carácter multisectorial, orientada a iniciativas que aborden distintas áreas de desarrollo vinculadas al litoral de Aysén. ⏎ Bases legales ⏎ En la comuna de Aysén se priorizará, según la focalización del CDPR Aysén, la localidad de Islas Huichas, que comprende los pueblos de Puerto Aguirre, Estero Copa y Caleta Andrade, debido a su condición estratégica y necesidades de desarrollo territorial en el litoral. ⏎ La postulación se realiza a través de alguno de los Agentes Operadores Intermediarios (AOI) de CORFO habilitados en la región de Aysén. Para efectos de la presente convocatoria Codesser o Gedes.
PRIMER CONCURSO INNOVA REGIÓN COMITÉ DE DESARROLLO PRODUCTIVO REGIONAL AYSÉN 2026;04/05/2026;04/06/2026;Aysén;https://www.corfo.gob.cl/sites/cpp/convocatoria/primer-concurso-innova-region-comite-de-desarrollo-productivo-regional-aysen-2026/;Abiertas;Innova Región es un instrumento que busca apoyar el desarrollo de nuevos o mejorados productos (bienes o servicios) y/o procesos desde la fase de prototipo, hasta la fase de validación técnica a escala productiva y/o validación comercial, que aporten a la economía regional y fortalezcan las capacidades de innovación en la empresa.;Personas jurídicas constituidas en Chile. ⏎ Personas naturales que, al momento de postular, tengan cumplidos, a lo menos, 18 años de edad. ⏎ Bases legales ⏎ Al momento de la postulación, se deberá cumplir con los siguientes requisitos: ⏎ Haber transcurrido, a lo menos, 18 meses, contados desde la fecha de inicio de actividades en un giro empresarial de primera categoría, de conformidad con lo establecido en el artículo 20 de la Ley de Impuesto a la Renta (D.L. 824, de 1974), el cual debe encontrarse vigente. ⏎ Acreditar ingresos por ventas dentro de los 18 meses previos a la postulación (no necesariamente en todos los meses).
Semilla Inicia Aysén 2026 CDPR;04/05/2026;04/06/2026;Aysén;https://www.corfo.gob.cl/sites/cpp/convocatoria/semilla-inicia-aysen-cdpr-2026/;Abiertas;Buscamos apoyar a emprendedores y emprendedoras que cuenten con proyectos de negocios de alto potencial de crecimiento, mediante el cofinanciamiento de actividades para la validación técnica y comercial del emprendimiento, además de acceso a servicios de apoyo para su implementación y desarrollo.;Si postula como persona natural, debe tener más de 18 años y tener residencia en Chile. ⏎ Si postula como persona jurídica, la empresa debe tener una antigüedad máxima de 18 meses de inicio de actividades en SII contados desde la fecha de apertura de la convocatoria y no tener ventas hasta el mes calendario anterior a la apertura de la convocatoria, independiente de su giro. ⏎ Bases legales
VIRALIZA DIFUSION MEDIOS AYSEN 2026;04/05/2026;04/06/2026;Aysén;https://www.corfo.gob.cl/sites/cpp/convocatoria/viraliza-difusion-medios-aysen-2026/;Abiertas;Busca la difusión y promoción del emprendimiento y de la innovación, mediante la realización de programas audiovisuales, a ser transmitidos a través de medios de comunicación masiva, que permitan poner en conocimiento del público general casos relevantes de emprendimiento e innovación, con carácter motivacional e inspiracional, además, de metodologías y otros temas y materias ligadas al emprendimiento y la innovación en la Región de Aysén.;Pueden postular personas jurídicas constituidas o creadas en Chile. ⏎ Coejecutores y/o asociados deben ser personas jurídicas constituidas o creadas en Chile ⏎ Bases legales
Viraliza Eventos Tarapacá 2026;04/05/2026;04/06/2026;Tarapacá;https://www.corfo.gob.cl/sites/cpp/convocatoria/viraliza-eventos-tarapaca-2026/;Abiertas;El objetivo será realizar eventos de alta convocatoria, de forma presencial, que promuevan el intercambio de conocimientos, generación de redes y traspaso de buenas prácticas relacionadas con el emprendimiento y la innovación, con la finalidad de acelerar el desarrollo y fortalecimiento de los ecosistemas de emprendimiento dinámico de la región.;Pueden postular personas jurídicas constituidas o creadas en Chile. ⏎ Bases legales ⏎ Coejecutores y/o asociados deben ser personas jurídicas constituidas o creadas en Chile.
Start-Up Chile – Build 12;04/05/2026;25/05/2026;Todo Chile;https://www.corfo.gob.cl/sites/cpp/convocatoria/start-up-chile-build-12-2026/;Abiertas;"Start-Up Chile está compuesto por tres líneas que se funden en este instrumento; en primer lugar “Build” que tiene por finalidad la pre-aceleración enfocada en desarrollo de MVP, prototipos y habilidades emprendedoras; en segundo lugar “Ignite”, que tiene por finalidad la aceleración de startups que utilicen a Chile como plataforma para el crecimiento comercial de nuevos negocios; y, en tercer lugar “Growth”.";Personas naturales chilenas o extranjeras, mayores de 18 años. ⏎ Personas jurídicas con fines de lucro, constituidas en Chile con iniciación de actividades ante el Servicio de Impuestos Internos. ⏎ Bases legales ⏎ Corresponde a una persona natural chilena o extranjera, que al momento de la postulación tenga cumplido, a lo menos, dieciocho años de edad, y sea fundador(a) o socio(a) de una persona jurídica extranjera que ejecuta un proyecto global (de base tecnológica) que utilice a Chile como plataforma. ⏎ Podrán postular personas jurídicas con fines de lucro, constituidas en Chile, que ejecuten un proyecto global (de base tecnológica) que utilice a Chile como plataforma, y que no tengan iniciación de actividades ante el Servicio de Impuestos Internos por un período superior a 12 meses contados hacia atrás desde la fecha de apertura de la respectiva convocatoria.
Start-Up Chile – Growth 12;04/05/2026;25/05/2026;Todo Chile;https://www.corfo.gob.cl/sites/cpp/convocatoria/start-up-chile-growth-12-2026/;Abiertas;"El Programa Start-Up Chile está compuesto por tres líneas que se funden en este instrumento; en primer lugar “Build”, que tiene por finalidad la pre-aceleración enfocada en desarrollo de MVP, prototipos y habilidades emprendedoras; en segundo lugar “Ignite”, que tiene por finalidad la aceleración de startups que utilicen a Chile como plataforma para el crecimiento comercial de nuevos negocios; y, en tercer lugar “Growth”.";Personas naturales chilenas o extranjeras, mayores de 18 años ⏎ Personas jurídicas con fines de lucro, constituidas en Chile con iniciación de actividades ante el Servicio de Impuestos Internos. ⏎ Bases legales ⏎ Corresponde a una persona natural chilena o extranjera, que al momento de la postulación tenga cumplido, a lo menos, dieciocho años de edad, y sea fundador(a) o socio(a) de una persona jurídica extranjera que ejecuta un proyecto global (de base tecnológica) que utilice a Chile como plataforma. ⏎ Se deberá demostrar que el proyecto global (tanto en Chile como en el extranjero) ha tenido ingresos por ventas, en los 12 meses anteriores al mes de apertura del concurso de, al menos 2.400 UF y hasta 25.000 UF.
Start-Up Chile – Ignite 12;04/05/2026;25/05/2026;Todo Chile;https://www.corfo.gob.cl/sites/cpp/convocatoria/start-up-chile-ignite-12-2026/;Abiertas;"El Programa Start-Up Chile está compuesto por tres líneas que se funden en este instrumento; en primer lugar “Build”, que tiene por finalidad la pre-aceleración enfocada en desarrollo de MVP, prototipos y habilidades emprendedoras; en segundo lugar “Ignite”, que tiene por finalidad la aceleración de startups que utilicen a Chile como plataforma para el crecimiento comercial de nuevos negocios; y, en tercer lugar “Growth”.";Personas naturales chilenas o extranjeras, mayores de 18 años. ⏎ Personas jurídicas con fines de lucro, constituidas en Chile con iniciación de actividades ante el Servicio de Impuestos Internos. ⏎ Bases legales ⏎ Corresponde a una persona natural chilena o extranjera, que al momento de la postulación tenga cumplido, a lo menos, dieciocho años de edad, y sea fundador(a) o socio(a) de una persona jurídica extranjera que ejecuta un proyecto global (de base tecnológica) que utilice a Chile como plataforma. ⏎ Podrán postular personas jurídicas con fines de lucro, constituidas en Chile, que ejecuten un proyecto global (de base tecnológica) que utilice a Chile como plataforma, y que no tengan iniciación de actividades ante el Servicio de Impuestos Internos por un período superior a 36 meses contados hacia atrás desde la fecha de apertura de la respectiva convocatoria.
CONVOCATORIA CDPR METROPOLITANO 2026: SEMILLA INICIA;30/04/2026;29/05/2026;Metropolitana;https://www.corfo.gob.cl/sites/cpp/convocatoria/cdpr-metropolitano-semilla-inicia-2026/;Abiertas;Buscamos apoyar a emprendedores y emprendedoras que cuenten con proyectos de negocios de alto potencial de crecimiento, mediante el cofinanciamiento de actividades para la validación técnica y comercial del emprendimiento, además de acceso a servicios de apoyo para su implementación y desarrollo.;Personas naturales, mayores de 18 años, con residencia en Chile ⏎ Persona jurídica, constituida en Chile, que tengan menos de 18 meses de iniciación de actividades ante el Servicio de Impuestos Internos (SII), SIN VENTAS. ⏎ Bases legales
CONVOCATORIA CDPR METROPOLITANO 2026: SÚMATE A INNOVAR FOCO SOSTENIBLE;30/04/2026;01/07/2026;Metropolitana;https://www.corfo.gob.cl/sites/cpp/convocatoria/cdpr-metropolitano-sumate-a-innovar-foco-sostenible-2026/;Abiertas;Buscamos aumentar el desarrollo de soluciones innovadoras para resolver problemas y desafíos de productividad y competitividad de las empresas nacionales, a través de la vinculación con entidades colaboradoras.;Personas Jurídicas Constituidas en Chile ⏎ Personas Naturales mayores de 18 años que tributen en primera categoría ⏎ Bases legales ⏎ Haber transcurrido, a lo menos, 24 meses, contados desde la fecha de inicio de actividades en un giro empresarial de primera categoría, de conformidad con lo establecido en el artículo 20 de la Ley de Impuesto a la Renta D.L. 824, de 1974, el cual debe encontrarse vigente.
Convocatoria Viraliza Formación – CDPR Magallanes y Antártica Chilena – 2026;30/04/2026;08/06/2026;Magallanes;https://www.corfo.gob.cl/sites/cpp/convocatoria/viraliza-formacion-cdpr-magallanes-y-antartica-chilena-2026/;Abiertas;Buscamos desarrollar un programa de formación teórico-práctico presencial orientado a fortalecer las capacidades de innovación organizacional y la generación de nuevas unidades de negocio en emprendimientos dinámicos y Mipymes emergentes de la Región de Magallanes.;Pueden postular personas jurídicas constituidas o creadas en Chile, que tengan una antigüedad mínima de dos años al momento de la postulación, contados desde su creación. ⏎ Coejecutores y/o asociados deben ser personas jurídicas constituidas o creadas en Chile. ⏎ Bases legales ⏎ El programa de formación debe estar dirigido a un mínimo de 20 emprendimientos (si se postula al Programa Estratégico de Tierra del Fuego) y de 30 emprendimientos, si se postula un programa para el resto de las provincias de la Región, los cuales pueden ser: ⏎ a) Personas Naturales, mayores de 18 años, que cuenten con una idea de negocio o con un negocio en funcionamiento, y que estén en etapas previas a la formalización del emprendimiento (constitución de una persona jurídica con inicio de actividades en un giro de primera categoría, de conformidad a lo establecido en el artículo 20 de la Ley de Impuesto a la Renta, ante el Servicio de Impuestos Internos) a la fecha de postulación a la Convocatoria realizada por el Ejecutor. ⏎ b) Personas jurídicas constituidas en Chile, con inicio de actividades en giro de primera categoría, con una antigüedad máxima de 6 años y ventas anuales menores a $800.000.000.- (Ochocientos millones de pesos), interesadas en desarrollar nuevas líneas de negocio, mejorar su capacidad innovadora o integrarse a cadenas de valor regionales. ⏎ c) En ambos casos (letras a) y b) precedentes), los emprendimientos en etapa de idea, en funcionamiento o ya formalizados, deben ser innovadores y con potencial de alto crecimiento. ⏎ El programa de formación debe ser coherente y relacionado al segmento y características de los emprendedores que busquen atender.
Programa de Difusión Tecnológica Atacama 2026;30/04/2026;04/06/2026;Atacama;https://www.corfo.gob.cl/sites/cpp/convocatoria/pdt-atacama-2026/;Abiertas;Es un programa que busca contribuir al cierre de brechas de productividad del sector empresarial, de preferencia Pymes, de la región de Atacama, a través de la difusión de tecnologías y mejores prácticas innovadoras, con el propósito de fomentar su adopción y potenciar la competitividad de un grupo de empresas de una industria o sector que enfrentan una problemática común.;Personas jurídicas constituidas en Chile. ⏎ Personas naturales con, a lo menos, 18 años cumplidos al momento de postular, con giro empresarial de primera categoría. ⏎ Bases legales ⏎ Al momento de la postulación, se deberá cumplir con los siguientes requisitos: ⏎ Haber transcurrido, a lo menos, 24 meses, contados desde la fecha de inicio de actividades en un giro empresarial de primera categoría, de conformidad con lo establecido en el artículo 20 de la Ley de Impuesto a la Renta (D.L. 824, de 1974), el cual debe encontrarse vigente.
PROGRAMA DE DIFUSIÓN TECNOLÓGICA – REGIÓN DE TARAPACÁ 2026;29/04/2026;22/05/2026;Tarapacá;https://www.corfo.gob.cl/sites/cpp/convocatoria/pdt-tarapaca-2026/;Abiertas;Programa que busca contribuir al cierre de brechas de productividad del sector empresarial de la región de Tarapacá, a través de la difusión de tecnologías y mejores prácticas innovadoras, con el propósito de fomentar su adopción y potenciar a competitividad de un grupo de empresas de una industria o sector que enfrentan una problemática común.;Beneficiario o gestor: ⏎ – Personas jurídicas constituidas en Chile. ⏎ – Las sociedades de profesionales referidas en el artículo 42 N°2, de la Ley sobre Impuesto a la Renta, que hayan optado por declarar sus rentas de acuerdo con las normas de la primera categoría ⏎ – Personas naturales con, a lo menos, 18 años cumplidos al momento de postular. ⏎ Beneficiaria/o Atendida/o: ⏎ – Personas jurídicas constituidas en Chile. ⏎ – Personas naturales que, al momento de la postulación, tengan, a lo menos, 18 años cumplidos. ⏎ Bases legales ⏎ – La convocatoria se focalizará territorialmente en proyectos que se materialicen en la región de Tarapacá, y que hayan sido postulados por contribuyentes que tengan domicilio registrado ante el SII en la Región de Tarapacá. ⏎ – El beneficiario deberá poseer capacidades técnicas suficientes para ejecutar la mayor parte de las actividades planteadas, y demostrar también, capacidad financiera para ejecutar el programa.
FOCAL – REGIÓN DE COQUIMBO – 1° CONVOCATORIA 2026 AVANCE COLECTIVO;24/04/2026;25/05/2026;Coquimbo;https://www.corfo.gob.cl/sites/cpp/convocatoria/focal-coquimbo-1ra-convocatoria-avance-colectivo-2026/;Abiertas;Este programa tiene por objeto apoyar a las empresas en el mejoramiento de la productividad y competitividad, a través de un incentivo a la implementación y certificación de normas técnicas de sistemas de gestión y de productos o de protocolos, reconocidos por esta Corporación como habilitantes para acceder a mercados más sofisticados o de exportación.;Empresarios contribuyentes de actividades gravadas con Impuesto de Primera Categoría, que demuestren ventas netas anuales superiores a UF 1.200 y que no excedan las UF 100.000. ⏎ Empresas que vendan menos de UF 1.200 (mil doscientas Unidades de Fomento), que desarrollen actividades económicas clasificadas en los rubros agricultura y/o ganadería, y rubro turístico. ⏎ Bases legales ⏎ El concurso se focalizará territorialmente en proyectos que se materialicen en la Región de Coquimbo.
FOCAL – REGIÓN DE COQUIMBO – 1° CONVOCATORIA 2026 AVANCE INDIVIDUAL;24/04/2026;25/05/2026;Coquimbo;https://www.corfo.gob.cl/sites/cpp/convocatoria/focal-coquimbo-1ra-convocatoria-avance-individual-2026/;Abiertas;Este programa tiene por objeto apoyar a las empresas en el mejoramiento de la productividad y competitividad, a través de un incentivo a la implementación y certificación de normas técnicas de sistemas de gestión y de productos o de protocolos, reconocidos por esta Corporación como habilitantes para acceder a mercados más sofisticados o de exportación.;Empresarios contribuyentes de actividades gravadas con Impuesto de Primera Categoría, que demuestren ventas netas anuales superiores a UF 1.200 y que no excedan las UF 100.000. ⏎ Empresas que vendan menos de UF 1.200 (mil doscientas Unidades de Fomento), que desarrollen actividades económicas clasificadas en los rubros agricultura y/o ganadería, y rubro turístico. ⏎ Bases legales ⏎ El concurso se focalizará territorialmente en proyectos que se materialicen en la Región de Coquimbo
BIENES PÚBLICOS – REGIÓN DE LOS LAGOS – TURISMO NÁUTICO PATAGONIA COSTA;15/04/2026;16/06/2026;Los Lagos;https://www.corfo.gob.cl/sites/cpp/convocatoria/bienes-publicos-los-lagos-turismo-nautico-patagonia-costa-2026/;Abiertas;Para abordar distintos desafíos asociados a la falta de información de aplicación productiva que permita tomar decisiones en ciertos sectores y recursos estratégicos, Corfo dispone del instrumento Bienes Públicos, cuyo objetivo es apoyar el desarrollo de bienes públicos para la competitividad, orientados a resolver fallas de mercado (de coordinación y/o asimetrías de información), con la finalidad de fortalecer la competitividad, diversificar la economía y/o aumentar la productividad.;Persona Jurídicas constituidas en Chile. ⏎ Bases legales ⏎ El proyecto debe contar con un Mandante distinto al postulante (Ministerios, Agencias de Estado, Entidades Gremiales, Gobiernos Regionales, Municipalidades, Entidades Internacionales, Empresas Públicas, u otros).
DESARROLLA INVERSIÓN PRODUCTIVA – REGIÓN DE ATACAMA – CONV. 2026 PRODUCTORES DE PISCO Y PAJARETE;08/04/2026;No informado;Atacama;https://www.corfo.gob.cl/sites/cpp/convocatoria/dip-atacama-productores-de-pisco-y-pajarete-2026/;Abiertas;El objeto de esta línea de apoyo es apoyar la materialización de proyectos de inversión productiva, con un potencial de generar externalidades positivas, mediante el otorgamiento de un cofinanciamiento para la adquisición de activos fijos, habilitación de infraestructura productiva y capital de trabajo;Contribuyentes con inicio de actividades, que tributen en primera categoría. ⏎ Bases legales ⏎ Se focalizará territorialmente en proyectos que se ejecuten en la Región de Atacama. ⏎ Se focalizará temáticamente en proyectos de rubros relacionados con la producción de pisco, vino y/o pajarete.
BIENES PÚBLICOS – REGIÓN METROPOLITANA – CONVOCATORIA 2026 CDPR;06/03/2026;15/05/2026;Metropolitana;https://www.corfo.gob.cl/sites/cpp/convocatoria/bienes-publicos-metropolitana-cdpr-2026/;Abiertas;Buscamos proyectos que contribuyan a resolver fallas de mercado relevantes (de coordinación y/o asimetrías de información) que contribuyan a fortalecer la competitividad, diversificar la economía y/o aumentar la productividad en un sector y/o industria de la Región Metropolitana.;Beneficiarios: Personas Jurídicas constituidas en Chile, públicas o privadas. ⏎ De manera obligatoria, el proyecto debe contar con al menos un Mandante distinto al postulante (Ministerios, Agencias de Estado, Entidades Gremiales, Gobiernos Regionales, Municipalidades, Entidades Internacionales, Empresas Públicas, u otros). ⏎ Bases legales ⏎ Focalización Territorial: La convocatoria se focalizará territorialmente en la Región Metropolitana de Santiago, debiendo ejecutarse los proyectos en dicha región. ⏎ Focalización Temática: La presente focalización se enmarca en el lineamiento estratégico del Comité de Desarrollo Productivo Regional Metropolitano de Santiago, específicamente en el eje Emprendimiento orientado a ciudades inteligentes y encadenamientos productivos. Este eje busca fortalecer el ecosistema emprendedor y pyme regional con enfoque territorial, impulsando emprendimientos dinámicos y creativos, la innovación aplicada a ciudades inteligentes, el desarrollo de capital humano y la consolidación de encadenamientos productivos inclusivos que retengan valor y generen oportunidades locales sostenibles.
CDPR METROPOLITANO 2026: SÚMATE A INNOVAR FOCO MUJERES;06/03/2026;07/05/2026;Metropolitana;https://www.corfo.gob.cl/sites/cpp/convocatoria/cdpr-metropolitan-sumate-a-innovar-foco-mujeres-2026/;Abiertas;Aumentar el desarrollo de soluciones innovadoras para resolver problemas y desafíos de productividad y competitividad de las empresas nacionales, a través de la vinculación con entidades colaboradoras.;Personas jurídicas constituidas en Chile. ⏎ Personas naturales, de género femenino que, al momento de postular, tengan, a lo menos, 18 años de edad cumplidos. ⏎ Bases legales ⏎ Haber transcurrido, a lo menos, 24 meses, contados desde la fecha de inicio de actividades en un giro empresarial de primera categoría, de conformidad con lo establecido en el artículo 20 de la Ley de Impuesto a la Renta D.L. 824, de 1974, el cual debe encontrarse vigente.
ACTIVA RIEGO – REGIÓN DE ÑUBLE – TIPO EXTRAPREDIAL 2026;03/03/2026;08/05/2026;Ñuble;https://www.corfo.gob.cl/sites/cpp/convocatoria/activa-riego-nuble-tipo-extrapredial-2026/;Abiertas;Buscamos apoyar la formulación de proyectos de riego , para identificar alternativas de inversión y evaluarlas técnica, económica y financieramente.;Organizaciones de usuarios reguladas en el Código de Aguas. ⏎ Bases legales ⏎ Organizaciones de usuarios reguladas en el Código de Aguas, incluidas las comunidades no organizadas que hayan iniciado su proceso de constitución.
ACTIVA RIEGO – REGIÓN DE ÑUBLE – TIPO INTRAPREDIAL 2026;03/03/2026;08/05/2026;Ñuble;https://www.corfo.gob.cl/sites/cpp/convocatoria/activa-riego-nuble-tipo-intrapredial-2026/;Abiertas;Buscamos apoyar la formulación de proyectos de riego intraprediales, para identificar alternativas de inversión y evaluarlas técnica, económica y financieramente.;El postulante es contribuyente que desarrolle actividades gravadas con el Impuesto de Primera Categoría de la ley de Impuesto a la Renta, según lo establecido en el articulo 20 del D.L N° 824, de 1974, verificable con la información disponible en el sitio web del servicio de Impuestos Internos (SII). ⏎ Bases legales ⏎ 1. Contribuyentes que sean propietarios, usufructuarios, poseedores inscritos o meros tenedores en proceso de regularización de títulos de predios agrícolas. ⏎ 2. Contribuyentes que sean arrendatarios de predios agrícolas y aquellos que hayan celebrado un contrato de arriendo con opción de compra o leasing, siempre y cuando, cumplan con los requisitos determinados por la Ley N° 20.284, que modifica la Ley N° 18.450.
RED ASOCIATIVA – REGIÓN DE ÑUBLE – ETAPA DIAGNÓSTICO 2026;03/03/2026;08/05/2026;Ñuble;https://www.corfo.gob.cl/sites/cpp/convocatoria/red-asociativa-nuble-etapa-diagnostico-2026/;Abiertas;El Programa Red Asociativa permite participar junto a otras Empresas para mejorar su oferta de valor y acceder a nuevos mercados, a través del Programa RED Asociativa te apoyamos con asesoría experta para abordar oportunidades de mercado y de mejoramiento tecnológico, desarrollando estrategias de negocios colaborativos, de acuerdo a las características productivas del grupo de empresas.;Personas naturales o jurídicas, que tributen en 1ra categoría, con rango de ventas entre 2.400 UF y 600.000 UF. ⏎ En un proyecto, se podrán incorporar beneficiarios de un menor nivel de ventas al señalado, los que, en conjunto, no deberán exceder el 50% del número total de éstos. En todo momento, estos proyectos deberán estar integrados por, al menos, 3 beneficiarios. ⏎ Bases legales ⏎ Focalización territorial: La convocatoria se focalizará territorialmente en la Región de Ñuble, debiendo los proyectos ejecutarse en la Región de Ñuble. ⏎ Focalización temática: El llamado a la ⏎ convocatoria se encontrará focalizado temáticamente en propuestas que, además de ser coherentes con los objetivos del instrumento de financiamiento, se encuentren enmarcados en, a lo menos, uno de los siguientes sectores productivos: ⏎ • Agroindustria ⏎ • Turismo, Cultura y/o Patrimonio
RED GTT+ – REGIÓN DE ÑUBLE – ETAPA DIAGNÓSTICO 2026;03/03/2026;08/05/2026;Ñuble;https://www.corfo.gob.cl/sites/cpp/convocatoria/red-gtt-nuble-etapa-diagnostico-2026/;Abiertas;Red Tecnológica GTT+ busca que grupos de entre 10 y 15 empresas puedan, a través del intercambio entre pares y asistencias técnicas, cerrar brechas tecnológicas y de gestión, incorporando herramientas y mejores prácticas productivas, fomentando la construcción de alianzas entre los empresarios para ampliar el capital relacional, mejorar su productividad y posición competitiva.;Personas naturales o jurídicas, deberán tener giro del sector silvoagropecuario, (según la clasificación de actividades del Servicios de Impuestos Internos – SII), y deberán demostrar, en forma individual, ventas netas anuales entre UF 2.400.- (dos mil cuatrocientas Unidades de Fomento) y UF 600.000.- (seiscientas mil Unidades de Fomento). ⏎ En un proyecto, se podrán incorporar beneficiarios de un menor nivel de ventas al señalado, los que, en conjunto, no deberán exceder el 50% del número total de éstos. En todo momento, estos proyectos deberán estar integrados por, al menos, 3 beneficiarios. ⏎ Bases legales ⏎ Focalización territorial: La convocatoria se focalizará territorialmente en la Región de Ñuble, debiendo los proyectos ejecutarse en la Región de Ñuble. ⏎ Focalización temática: El llamado a la convocatoria se encontrará focalizado temáticamente en propuestas que, además de ser coherentes con los objetivos del instrumento de financiamiento, se encuentren enmarcado en el sector productivo Silvoagropecuario.
RED MERCADOS – REGIÓN DE ÑUBLE – ETAPA DIAGNÓSTICO 2026;03/03/2026;08/05/2026;Ñuble;https://www.corfo.gob.cl/sites/cpp/convocatoria/red-mercados-nuble-etapa-diagnostico-2026/;Abiertas;El Programa Red Mercados busca apoyar a un grupo de empresas a acceder y usar información de mercado, relevante para el proceso de exportación transfiriendo técnicas y prácticas productivas para la adecuación de la oferta a los requerimientos de la demanda incorporando el conocimiento y requerimiento para implementar procesos de comercialización hacia y en los mercados de destino.;"Empresas, personas naturales o jurídicas, que tributen en primera categoría, con ventas anuales entre 2.400 UF y 100.000 UF. ⏎ No acceder habitualmente a mercados de exportación. ⏎ Hasta 50% de las empresas postulantes podrá tener ventas menores a 2.400 UF. ⏎ Empresas postulantes deben realizar Test Exportador: ⏎ https://acortar.link/4VAwHp ⏎ Bases legales ⏎ Focalización territorial: La convocatoria se focalizará territorialmente en la Región de Ñuble, debiendo los proyectos ejecutarse en la Región de Ñuble. ⏎ Focalización temática será para los siguientes sectores productivos; Forestal, Maderero, Silvoagropecuario, Agroindustria, Turismo, Cultura, Patrimonio y Economía Creativa."
PROGRAMA DE DIFUSIÓN TECNOLÓGICA – PROVINCIAS CHILOÉ Y/O PALENA – REGIÓN DE LOS LAGOS;02/03/2026;19/05/2026;Los Lagos;https://www.corfo.gob.cl/sites/cpp/convocatoria/pdt-chiloe-palena-los-lagos-2026/;Abiertas;Contribuir al cierre de brechas de productividad del sector empresarial, de preferencia Pymes, a través de la difusión de tecnologías y mejores prácticas innovadoras, con el propósito de fomentar su adopción y potenciar la competitividad de un grupo de empresas de una industria o sector que enfrentan una problemática común.;"Personas jurídicas constituidas en Chile. ⏎ Personas naturales con, a lo menos, 18 años cumplidos al momento de postular. ⏎ Bases legales ⏎ Además, al momento de la postulación, en relación con el beneficiario, se deberá cumplir con los siguientes requisitos: ⏎ Haber transcurrido, a lo menos, 24 meses, contados desde la fecha de inicio de actividades primera categoría, de conformidad con lo establecido en el artículo 20 de la Ley de Impuesto a la Renta (D.L. 824, de 1974), y que mantenga al menos un giro vigente de primera categoría. En el caso de las sociedades de profesionales, los 24 meses se contarán desde que hayan ejercido la opción de declarar sus rentas de acuerdo con las normas de la primera categoría o desde el inicio de actividades, y; ⏎ Acreditar ingresos por ventas dentro de los 24 meses previos a la postulación (no necesariamente en todos los meses). ⏎ El beneficiario deberá poseer capacidades técnicas suficientes para ejecutar la mayor parte de las actividades planteadas, lo que será evaluado por InnovaChile. Asimismo, el beneficiario deberá demostrar capacidad financiera para ejecutar el programa."
PROGRAMA DE DIFUSIÓN TECNOLÓGICA – PROVINCIAS OSORNO Y/O LLANQUIHUE – REGIÓN DE LOS LAGOS;02/03/2026;19/05/2026;Los Lagos;https://www.corfo.gob.cl/sites/cpp/convocatoria/pdt-osorno-llanquihue-los-lagos-2026/;Abiertas;Contribuir al cierre de brechas de productividad del sector empresarial, de preferencia Pymes, a través de la difusión de tecnologías y mejores prácticas innovadoras, con el propósito de fomentar su adopción y potenciar la competitividad de un grupo de empresas de una industria o sector que enfrentan una problemática común.;"Personas jurídicas constituidas en Chile. ⏎ Personas naturales con, a lo menos, 18 años cumplidos al momento de postular. ⏎ Bases legales ⏎ Además, al momento de la postulación, en relación con el beneficiario, se deberá cumplir con los siguientes requisitos: ⏎ Haber transcurrido, a lo menos, 24 meses, contados desde la fecha de inicio de actividades primera categoría, de conformidad con lo establecido en el artículo 20 de la Ley de Impuesto a la Renta (D.L. 824, de 1974), y que mantenga al menos un giro vigente de primera categoría. En el caso de las sociedades de profesionales, los 24 meses se contarán desde que hayan ejercido la opción de declarar sus rentas de acuerdo con las normas de la primera categoría o desde el inicio de actividades, y; ⏎ Acreditar ingresos por ventas dentro de los 24 meses previos a la postulación (no necesariamente en todos los meses). ⏎ El beneficiario deberá poseer capacidades técnicas suficientes para ejecutar la mayor parte de las actividades planteadas, lo que será evaluado por InnovaChile. Asimismo, el beneficiario deberá demostrar capacidad financiera para ejecutar el programa."
FOCAL – REGIÓN DE LOS LAGOS – CONVOCATORIA PROVINCIAS CHILOÉ Y/O PALENA, AVANCE INDIVIDUAL 2026;19/02/2026;07/05/2026;Los Lagos;https://www.corfo.gob.cl/sites/cpp/convocatoria/focal-region-de-los-lagos-convocatoria-provincias-chiloe-y-o-palena-avance-individual-2026/;Abiertas;Este programa tiene por objeto apoyar a las empresas en el mejoramiento de la productividad y competitividad, a través de un incentivo a la implementación y certificación de normas técnicas de sistemas de gestión y de productos o de protocolos, reconocidos por esta Corporación como habilitantes para acceder a mercados sofisticados y/o de exportación.;Empresarios contribuyentes de actividades gravadas con Impuesto de Primera Categoría, incluidas las Cooperativas que demuestren ventas netas anuales superiores a 1.200 UF y que no excedan las 100.000 UF. ⏎ Los proyectos individuales que se presenten deberán operar en modalidad de avance individual. ⏎ Bases legales ⏎ Podrán ser beneficiarios de este instrumento contribuyentes que vendan menos de 1.200 UF, que desarrollen actividades económicas clasificadas en rubros agricultura y ganadería y aquellas del rubro turístico. Estas últimas deberán estar registradas en Registro Nacional de prestadores Turísticos. ⏎ El proyecto presentado por el postulante, deberá orientarse a implementar y certificar normas que aporten a la Competitividad Regional Sostenible con énfasis en Economía Circular en la región en las empresas de la Región de Los Lagos, entendiendo por tales normas aquellas establecidas en la resolución de focalización del concurso.
FOCAL – REGIÓN DE LOS LAGOS – CONVOCATORIA PROVINCIAS OSORNO Y/O LLANQUIHUE, AVANCE INDIVIDUAL 2026;19/02/2026;07/05/2026;Los Lagos;https://www.corfo.gob.cl/sites/cpp/convocatoria/focal-region-de-los-lagos-convocatoria-provincias-osorno-y-o-llanquihue-avance-individual-2026/;Abiertas;Este programa tiene por objeto apoyar a las empresas en el mejoramiento de la productividad y competitividad, a través de un incentivo a la implementación y certificación de normas técnicas de sistemas de gestión y de productos o de protocolos, reconocidos por esta Corporación como habilitantes para acceder a mercados sofisticados y/o de exportación.;Empresarios contribuyentes de actividades gravadas con Impuesto de Primera Categoría, incluidas las Cooperativas que demuestren ventas netas anuales superiores a 1.200 UF y que no excedan las 100.000 UF. ⏎ Los proyectos individuales que se presenten deberán operar en modalidad de avance individual. ⏎ Bases legales ⏎ Podrán ser beneficiarios de este instrumento contribuyentes que vendan menos de 1.200 UF, que desarrollen actividades económicas clasificadas en rubros agricultura y ganadería y aquellas del rubro turístico. Estas últimas deberán estar registradas en Registro Nacional de prestadores Turísticos. ⏎ El proyecto presentado por el postulante, deberá orientarse a implementar y certificar normas que aporten a la Competitividad Regional Sostenible con énfasis en Economía Circular en la región en las empresas de la Región de Los Lagos, entendiendo por tales normas aquellas establecidas en la resolución de focalización del concurso.
DESARROLLA INVERSIÓN PRODUCTIVA – REGIÓN METROPOLITANA – FOCO DESCARBONIZACIÓN 2026 CDPR;18/02/2026;15/05/2026;Metropolitana;https://www.corfo.gob.cl/sites/cpp/convocatoria/desarrolla-inversion-productiva-region-metropolitana-foco-descarbonizacion-2026/;Abiertas;Apoyo a proyectos de inversión productiva con foco en descarbonización y con potencial de generación de externalidades positivas mediante un cofinanciamiento para la adquisición de activo fijo, infraestructura y capital de trabajo.;Beneficiarios: Contribuyentes que desarrollen actividades gravadas con el Impuesto de Primera Categoría de la Ley de Impuesto a la Renta, según lo establecido en el artículo 20 del D.L. N°824, de 1974, certificable con la información disponible en el sitio web del Servicio de Impuesto Internos (SII) ⏎ Personas naturales o Jurídicas contribuyentes de primera categoría, que contemplen una inversión total igual o superior a $12.000.000. ⏎ Bases legales ⏎ Focalización Territorial: La convocatoria se focalizará territorialmente en la Región Metropolitana de Santiago, debiendo ejecutarse los proyectos en dicha región. ⏎ Focalización temática: ⏎ La focalización temática corresponde al eje “Desarrollo Productivo Sostenible y Economía Circular” (ver Anexo N°1) ⏎ Se buscará el apoyo preferente a proyectos de inversión productiva que contemplen, al menos, uno de los siguientes enfoques: ⏎ • Sustitución de fuentes energéticas fósiles por energías renovables no convencionales (solar, eólica, biomasa, geotermia, entre otras). ⏎ • Eficiencia energética avanzada, mediante modernización tecnológica, reconversión de equipamiento productivo o digitalización de procesos que reduzcan el consumo energético por unidad producida. ⏎ • Electrificación de procesos productivos, reemplazando tecnologías intensivas en combustibles fósiles. ⏎ • Economía circular aplicada a la reducción de emisiones, incluyendo reutilización de residuos, valorización energética y optimización de recursos.
DESARROLLA INVERSIÓN PRODUCTIVA – REGIÓN METROPOLITANA – FOCO TURISMO 2026 CDPR;18/02/2026;15/05/2026;Metropolitana;https://www.corfo.gob.cl/sites/cpp/convocatoria/desarrolla-inversion-productiva-region-metropolitana-foco-turismo-2026/;Abiertas;Apoyo a proyectos de inversión productiva con foco en turismo y con potencial de generación de externalidades positivas mediante un cofinanciamiento para la adquisición de activo fijo, infraestructura y capital de trabajo.;Beneficiarios: Contribuyentes que desarrollen actividades gravadas con el Impuesto de Primera Categoría de la Ley de Impuesto a la Renta, según lo establecido en el artículo 20 del D.L. N°824, de 1974, certificable con la información disponible en el sitio web del Servicio de Impuesto Internos (SII) ⏎ Personas naturales o Jurídicas contribuyentes de primera categoría, que contemplen una inversión total igual o superior a $12.000.000. ⏎ Bases legales ⏎ Focalización Territorial: La convocatoria se focalizará territorialmente en la Región Metropolitana de Santiago, debiendo ejecutarse los proyectos en dicha región. ⏎ Focalización temática: ⏎ La focalización temática corresponde al eje “Turismo inteligente y sostenible” (ver Anexo N°1) ⏎ Se buscará apoyar proyectos que permitan dinamizar el turismo, potenciando capilaridad de la cadena de valor, fortaleciendo la oferta del turismo desde una mirada de turismo inteligente, sostenible en sus distintas tipologías (Montaña, Enoturismo, Rural, Urbano y Mice) poniendo en valor el patrimonio natural, cultural y urbano de la región, aportando a la competitividad del sector.
RED PROVEEDORES – REGIÓN METROPOLITANA – ETAPA DESARROLLO 2026 CDPR;18/02/2026;No informado;Metropolitana;https://www.corfo.gob.cl/sites/cpp/convocatoria/red-proveedores-region-metropolitana-etapa-desarrollo-2026/;Abiertas;Si tienes interés en fortalecer tu cadena productiva, promoviendo el trabajo colaborativo con proveedores actuales o nuevos, fortaleciendo la relación estratégica Proveedores – Demandante, para mejorar la oferta de valor y el acceso a nuevos mercados, te invitamos a postular a Red Proveedores.;El proyecto debe ser postulado por la empresa demandante. Esta debe ser una persona natural o jurídica, que tribute en primera categoría y que demuestre ventas sobre las 25.000 UF. ⏎ Empresa Demandante Co-Ejecutora: una o más empresas privadas y/o empresas públicas, sociedades en las que el Estado o un órgano de la administración del Estado tenga participación, que demuestren de forma individual, ventas netas anuales superiores a UF 25.000. Esta empresa deberá desempeñarse en el mismo ámbito de la Empresa Demandante, o en una actividad complementaria, y ser parte de la cadena productiva. (ver excepcionalidad regional en las Bases REDES). ⏎ Bases legales ⏎ Empresa Demandante: con ventas netas anuales superiores a UF 25.000. Para regiones que presenten un índice de pobreza igual o mayor al 15%, podrán ser beneficiarias aquellas que demuestren ventas netas anuales superiores a las UF 10.000. Así también, en aquellas regiones en las que el universo de empresas con ventas netas anuales sobre las UF25.000 sea inferior a 500, podrán ser Empresas Demandantes aquellas que demuestren ventas netas anuales superiores a las UF 10.000. ⏎ Empresa Proveedora: un proyecto deberá reunir, durante toda su ejecución, al menos 5 Empresas Proveedoras. Serán proveedoras las empresas, personas naturales o jurídicas, que abastecen o puedan abastecer bienes y/o servicios necesarios en la cadena de producción y/o en los canales de distribución de una Empresa Demandante. Deberán demostrar, de forma individual, ventas netas anuales que no excedan de UF 100.000. En cada proyecto se podrán incorporar Empresas Proveedoras con un mayor nivel de ventas al señalado, las que, en conjunto, no podrán exceder el 30% del total de Empresas Proveedoras participantes. ⏎ Focalización Territorial: La convocatoria se focalizará territorialmente en la Región Metropolitana de Santiago, debiendo ejecutarse los proyectos en dicha región. ⏎ Focalización Temática: corresponde a la materialización de proyectos que se encuentren alineados al eje “Emprendimiento orientado a ciudades inteligentes y encadenamientos productivos”, buscando fortalecer el ecosistema emprendedor y pyme regional, con enfoque territorial, impulsando emprendimientos dinámicos y creativos, innovación aplicada a ciudades inteligentes, capital humano y encadenamientos productivos inclusivos que retengan valor y generen oportunidades locales. (ver Anexo N°1)
PAR – REGIÓN DE ATACAMA – 2° CONVOCATORIA INDUSTRIAS CREATIVAS 2026;09/02/2026;31/12/2026;Atacama;https://www.corfo.gob.cl/sites/cpp/convocatoria/par-region-de-atacama-2-convocatoria-industrias-creativas-2026/;Abiertas;El objetivo de esta línea es mejorar el potencial productivo y fortalecer la gestión de las empresas y/o emprendedores de un territorio, apoyando el desarrollo de sus competencias, capacidades y cofinanciando proyectos de inversión, que les permitan acceder a nuevas oportunidades de negocios y/o a mantener los existentes.;Podrán ser beneficiarios los contribuyentes de primera categoría Ley de Impueto a la Renta con ventas anuales de entre UF 200 y hasta UF 10.000. ⏎ Emprendedores sin inicio de actividades ante el SII, podrán postular, en la medida que su proyección de ventas cumpla con los niveles de ventas requeridos, quienes no podrán superar en su conjunto el 30% del total de participantes del Proyecto PAR. ⏎ Bases legales ⏎ Se focalizará territorialmente en la Región de Atacama, debiendo, los postulantes, tener domicilio tributario registrado ante el Servicio de Impuestos Internos-SII en esta región y los proyectos deberán ejecutarse en la misma. ⏎ Se focalizará temáticamente en proyectos de rubros relacionados con el sector de industrias creativas.
IFNB – PROGRAMA DE FORTALECIMIENTO PARA INSTITUCIONES FINANCIERAS NO BANCARIAS, 1° CONV. 2026;06/02/2026;30/06/2026;Todo Chile;https://www.corfo.gob.cl/sites/cpp/convocatoria/ifnb-programa-de-fortalecimiento-para-instituciones-financieras-no-bancarias-1-conv-2026/;Abiertas;El Programa PRO IFNB tiene como objetivo mejorar la gestión financiera y de negocio de IFNB, optimizando su perfil de riesgo y mejorando las condiciones y oportunidades de acceso de las micro, pequeña y medianas empresas a sus servicios financieros.;Ejecutor Directo ⏎ Beneficiario Atendido ⏎ Bases legales ⏎ Ejecutor Directo ⏎ Será el encargado de realizar el proceso de asistencia técnica a la IFNB. ⏎ Podrán postular como beneficiario o ejecutor directo las personas jurídicas, constituidas en Chile, que al momento de la postulación tengan a lo menos 2 años de antigüedad contados desde su fecha de constitución y que cumplan con los demás requisitos establecidos en las BAG. ⏎ Beneficiario Atendido ⏎ Será quien reciba la asistencia técnica por parte del Ejecutor directo. ⏎ Podrán ser beneficiarios atendidos: Cooperativas de Ahorro y Crédito (CAC), cooperativas agrícolas de importancia económica, Cooperativas agrícolas, campesinas, y otras Instituciones financieras definidas en las bases.
CONVOCATORIA 2026 PROGRAMA DE DIFUSIÓN TECNOLÓGICA REGIÓN DE LA ARAUCANÍA;28/01/2026;15/05/2026;La Araucanía;https://www.corfo.gob.cl/sites/cpp/convocatoria/programa-de-difusion-tecnologica-region-de-la-araucania-2026/;Abiertas;Queremos mejorar el acceso al conocimiento, tecnologías y mejores prácticas “prospectadas” para un conjunto de empresas, de preferencia Pymes de la region de La Araucanía, a través de actividades de difusión y transferencia tecnológica que aporten valor al desempeño productivo y a la competitividad de las empresas (Revisar resolución (E) de focalización N°5-2026 adjunta).;"Beneficiario o gestor ⏎ Bases legales ⏎ Personas jurídicas constituidas en Chile. ⏎ Las sociedades de profesionales referidas en el artículo 42 N°2, de la Ley sobre Impuesto a la Renta, que hayan optado por declarar sus rentas de acuerdo con las normas de la primera categoría. ⏎ Personas naturales con, a lo menos, 18 años cumplidos al momento de postular. ⏎ Focalización temática: ⏎ • Turismo ⏎ • Agroindustrial ⏎ • Silvoagropecuario ⏎ • Construcción ⏎ • Pesca artesanal y Acuicultura ⏎ • Industrias emergentes; son sectores económicos que están en desarrollo y que tienenel potencial de generar un impacto significativo en la economía y la sociedad. Secaracterizan por su innovación, rápida evolución y adopción de nuevas tecnologías"
Capital Humano para la Innovación;18/11/2025;28/05/2026;Todo Chile;https://www.corfo.gob.cl/sites/cpp/convocatoria/capital-humano-para-la-innovacion-2025/;Abiertas;Buscamos contribuir al fortalecimiento de capacidades en I+D+i en las empresas nacionales, a través de la inserción de profesionales y técnicos/as de nivel superior, altamente calificados, para su participación en el desarrollo de soluciones que aborden desafíos productivos y/o competitivos que requieran de actividades de I+D+i, con la finalidad de aumentar la productividad y competitividad de dichas empresas.;Personas jurídicas constituidas en Chile. ⏎ Personas naturales que, al momento de postular, tengan cumplidos, a lo menos, 18 años de edad. ⏎ Bases legales ⏎ Al momento de la postulación, en relación con el beneficiario, se deberá cumplir con los siguientes requisitos: ⏎ ▪ Haber transcurrido, a lo menos, 18 meses, contados desde la fecha de inicio de actividades en un giro empresarial de primera categoría, de conformidad con lo establecido en el artículo 20 de la Ley de Impuesto a la Renta (D.L. 824, de 1974), el cual debe encontrarse vigente. ⏎ ▪ Acreditar ingresos por ventas dentro de los 18 meses previos a la postulación (no necesariamente en todos los meses). ⏎ Las instituciones de educación superior (universidades, institutos profesionales y centros de formación técnica), no podrán participar en calidad de beneficiario, y sólo podrán participar como entidades contratadas por el beneficiario para la ejecución de actividades externalizadas del proyecto.
Programa de Absorción Tecnológica para la Innovación;18/11/2025;No informado;Todo Chile;https://www.corfo.gob.cl/sites/cpp/convocatoria/programa-de-absorcion-tecnologica-para-la-innovacion-2025/;Abiertas;Busca contribuir a mejorar las capacidades de innovación sistemática en un conjunto de empresas, de preferencia Pymes, mediante el fortalecimiento de las capacidades de absorción tecnológica, cofinanciando la incorporación de nuevo conocimiento, mejores prácticas y/o tecnologías.;Podrán postular como beneficiario o gestor: ⏎ ▪ Personas jurídicas constituidas en Chile. ⏎ ▪ Las sociedades de profesionales referidas en el artículo 42, N°2, de la Ley sobre Impuesto a la Renta, que hayan optado por declarar sus rentas de acuerdo con las normas de la primera categoría. ⏎ ▪ Personas naturales que, al momento de postular, tengan, a lo menos, 18 años cumplidos. ⏎ Bases legales ⏎ Al momento de la postulación, en relación con el beneficiario o gestor, se deberá cumplir con los siguientes requisitos: ⏎ ▪ Haber transcurrido, a lo menos, 24 meses, contados desde la fecha de inicio de actividades en primera categoría, de conformidad con lo establecido en la Ley de Impuesto a la Renta (D.L. 824, de 1974), el cual debe encontrarse vigente. En el caso de las sociedades de profesionales, los 24 meses se contarán desde que hayan ejercido la opción de declarar sus rentas de acuerdo con las normas de la primera categoría o desde el inicio de actividades. ⏎ ▪ Acreditar ingresos por ventas dentro de los 24 meses previos a la postulación (no necesariamente en todos los meses).
Entidades Patrocinadoras para Semilla Inicia y Semilla Expande;01/08/2024;No informado;Todo Chile;https://www.corfo.gob.cl/sites/cpp/convocatoria/entidades_patrocinadoras_para_semilla_inicia_y_semilla_expande/;Abiertas;El presente instrumento tiene por objetivo regular la incorporación de determinadas entidades a la “Nómina de Entidades Patrocinadoras para Semilla Inicia” y a la “Nómina de Entidades Patrocinadoras para Semilla Expande”, respectivamente, así como sus obligaciones y el proceso de evaluación periódica de las mismas durante la ejecución de los proyectos. Las referidas nóminas, además, habilitarán a las Entidades Patrocinadoras en ellas incorporadas, para apoyar proyectos ejecutados en el contexto de los instrumentos de financiamiento “Semilla Inicia para Empresas Lideradas por Mujeres” y “Semilla Expande para Empresas Lideradas por Mujeres”, respectivamente.;Personas jurídicas constituida o creada en Chile ⏎ Contar con una antigüedad mínima de dos años al momento de la postulación a la convocatoria. ⏎ Declarar disponer de una capacidad financiera suficiente que le permita obtener directamente y hacer entrega de los documentos de garantía exigidos por Corfo, para la entrega del cofinanciamiento de cada proyecto a patrocinar. ⏎ Poseer experiencia suficiente en el desarrollo de operaciones y actividades relacionadas con el apoyo a emprendedores(as), tales como aspectos de gestión, ventas, comercialización, contabilidad, aspectos legales, levantamiento de financiamiento privado, entre otros relevantes para el correcto desarrollo de un emprendimiento.
Innova Alta Tecnología – Eureka;11/07/2024;No informado;Todo Chile;https://www.corfo.gob.cl/sites/cpp/convocatoria/innova_alta_tecnologia_eureka/;Abiertas;Apoyamos innovaciones intensivas en I+D, que enfrenten alta incertidumbre tecnológica y que apunten a escalamientos de alto potencial de comercialización nacional o global, fortaleciendo las capacidades de I+D+i en las empresas.;Podrán postular como beneficiarios personas jurídicas constituidas en Chile. ⏎ Bases legales ⏎ Además, al momento de la postulación, en relación con el beneficiario, se deberá cumplir con los siguientes requisitos: ⏎ Haber transcurrido, a lo menos, 3 años, contados desde la fecha de inicio de actividades en un giro empresarial de primera categoría, de conformidad con lo establecido en el artículo 20 de la Ley de Impuesto a la Renta (D.L. 824, de 1974), el cual debe encontrarse vigente. ⏎ Acreditar ingresos por ventas dentro de los 3 años previos a la postulación (no necesariamente en todos los meses).
Programa de Prospección Tecnológica focalizado en vinculación internacional;08/07/2024;No informado;Todo Chile;https://www.corfo.gob.cl/sites/cpp/convocatoria/programa_de_prospeccion_tecnologica_vinculacion_internacional/;Abiertas;Apoya actividades asociativas de prospección tecnológica, de conocimiento y de mejores prácticas no disponibles a nivel nacional, y su adecuación y transferencia al contexto nacional, que contribuyan a la creación de valor y fortalecimiento de las capacidades de innovación en las empresas.;"Podrán postular como beneficiario o gestor: ⏎ Personas jurídicas constituidas en Chile. ⏎ Las sociedades de profesionales referidas en el artículo 42 N°2, de la Ley sobre Impuesto a la Renta, que hayan optado por declarar sus rentas de acuerdo con las normas de la primera categoría. ⏎ Personas naturales con, a lo menos, 18 años cumplidos al momento de postular. ⏎ Bases legales ⏎ Al momento de la postulación, en relación con el beneficiario, se deberá cumplir con los siguientes requisitos: ⏎ Haber transcurrido, a lo menos, 24 meses, contados desde la fecha de inicio de actividades en primera categoría, de conformidad con lo establecido en la Ley de Impuesto a la Renta (D.L. 824, de 1974), y que mantenga al menos un giro vigente de primera categoría. ⏎ En el caso de las sociedades de profesionales, los 24 meses se contarán desde que hayan ejercido la opción de declarar sus rentas de acuerdo con las normas de la primera categoría o desde el inicio de actividades, y; ⏎ Acreditar ingresos por ventas dentro de los 24 meses previos a la postulación (no necesariamente en todos los meses)."
RED TECNOLÓGICA GTT+ – REGIÓN DE O’HIGGINS – ETAPA DE DIAGNÓSTICO Y DESARROLLO 2023;30/06/2023;30/12/2025;O'Higgins;https://www.corfo.gob.cl/sites/cpp/convocatoria/red_tecnologica_gtt_oh_diag_desar/;Abiertas;Buscamos empresas con interés en participar junto a otras, para aumentar tu competitividad a través del Programa RED GTT para abordar brechas en ámbitos tecnológicos y de gestión, desarrollando actividades de construcción de capital social de Pymes silvoagropecuarias, a través de la organización y el trabajo en grupo de los productores, de acuerdo con las características productivas del grupo de empresas. Convocatoria abierta para la Región de O’Higgins.;Personas naturales o jurídicas, que tributen en 1ra categoría, con rango de ventas entre 2.400 UF y 600.000 UF. ⏎ En un proyecto se podrán incorporar beneficiarios/as de un menor nivel de ventas al señalado, los que, en conjunto, no deberán exceder el 35% del número total de éstos/as. ⏎ Bases legales ⏎ Focalización temática: que se materialicen en la Región del Libertador Bernardo O’Higgins, postulados por contribuyentes que tengan domicilio registrado ante el SII en dicha Región, medida que se justifica en relación con la necesidad de reactivar actividades económicas de la misma. ⏎ Focalización territorial: La presente convocatoria se focalizará en proyectos pertenecientes a la categoría multisectorial con foco sostenible que busquen, de preferencia, impactar positivamente en, al menos, uno de los ámbitos asociados a los Objetivo de Desarrollo Sostenible – ODS.
Garantía PRO-INVERSIÓN;01/02/2022;No informado;Todo Chile;https://www.corfo.gob.cl/sites/cpp/convocatoria/garantia_pro_inversion/;Abiertas;ES UN MECANISMO DE APOYO para acceder a Financiamiento para micro, pequeña, mediana y grandes empresas (venta anual hasta UF600.000). Corfo facilita el acceso a crédito, mediante el otorgamiento de coberturas a instituciones financieras, que en su proceso de evaluación y otorgamiento de créditos requieren garantías del deudor para cursar los financiamientos, fomentando de esta forma la realización de proyectos de inversión y/o adquisición de activos fijos.;Empresas Privadas, productoras de bienes y/o prestadoras de servicios. ⏎ Para solicitarlo debes contactarte con alguna de las instituciones financieras que operan con nosotros. ⏎ Para más detalles revisar “ ⏎ Reglamento ⏎ ” ⏎ Empresas Privadas (personas jurídicas o personas naturales, ambas con giro vigente ante el S.I.I y sujetas de crédito), productoras de bienes y/o prestadoras de servicios, que cumplan con alguna de las siguientes condiciones: ⏎ Micro, pequeña, mediana y grandes empresas con ventas hasta por UF600.000 al año (excluido el IVA). ⏎ Empresas emergentes (sin historia, pero con proyección de ventas acotadas al límite señalado anteriormente). ⏎ No podrán solicitarlo: ⏎ Empresas con mora superior a 60 días corridos en los últimos 12 meses, en la institución Financiera donde solicita el crédito. ⏎ Empresas con solicitudes de cobro en Corfo de subsidio contingente (cobertura), registradas en los últimos 5 años.
Becas Capital Humano;No informado;No informado;Todo Chile;https://www.corfo.gob.cl/sites/becascapitalhumano/home;Abiertas;Queremos apoyar la labor de los trabajadores de diversos sectores productivos y geográficos del país, donde existe una falta de personal calificado o donde el personal existente requiera fortalecer habilidades fundamentales para su mejor desempeño laboral, a través de cursos de especialización.;No informado
Crea y Valida-Eureka;No informado;No informado;Todo Chile;https://www.corfo.gob.cl/sites/cpp/convocatoria/crea_valida_eureka/;Abiertas;Es un apoyo que cofinancia proyectos colaborativos de I+D+i para empresas chilenas que trabajen en el desarrollo de nuevos o mejorados productos (bienes o servicios) y/o procesos, que requieran I+D, desde la fase de prototipo y hasta la fase de validación técnica a escala productiva y/o validación comercial con empresas de países miembros de la Red Eureka, estimulando el intercambio tecnológico y la cooperación internacional en I+D+i entre empresas chilenas y las entidades de los países participantes de la Red Eureka.;Podrán postular como beneficiarios personas jurídicas constituidas en Chile ⏎ Bases legales ⏎ Además, al momento de la postulación, en relación con el beneficiario, se deberá cumplir con los siguientes requisitos: ⏎ Haber transcurrido, a lo menos, 24 meses, contados desde la fecha de inicio de actividades en primera categoría, de conformidad con lo establecido en el artículo 20 de la Ley de Impuesto a la Renta (D.L. 824, de 1974), y que mantenga al menos un giro vigente de primera categoría ⏎ Acreditar ingresos por ventas dentro de los 24 meses previos a la postulación (no necesariamente en todos los meses).
Crédito Corfo MiPyme;No informado;No informado;Todo Chile;https://www.corfo.gob.cl/sites/cpp/convocatoria/credito_mipyme/;Abiertas;Es un programa de financiamiento que busca ampliar y/o mejorar la oferta de financiamiento para las Micro, Pequeñas y Medianas Empresas (MIPYMES). Lo anterior, a través de Intermediarios Financieros No Bancarios (IFNB), que otorguen operaciones de Crédito, Leasing y/o Factoring para capital de trabajo y/o inversión.;Empresas privadas (Personas jurídicas y personas naturales) productoras de bienes o servicios. ⏎ Para solicitarlo debes contactarte con alguna de las instituciones financieras no bancarias que colaboran con nosotros. ⏎ Para más detalles revisar “ ⏎ Reglamento ⏎ ” ⏎ Las Empresas, esto es, personas jurídicas o personas natural, sujetas de crédito, que destinen recursos a actividades de producción de bienes y servicios, que cumplan con alguna de las siguientes condiciones: ⏎ Micro, pequeña y mediana empresa con ventas anuales hasta por UF100.000 (excluido el IVA) ⏎ Las actividades desarrolladas por las empresas deberán ser aquellas contempladas en el artículo 20 de la Ley de Impuesto a la Renta, hayan o no iniciado actividades ante el Servicio de Impuestos Internos o actividades comprendidas en el artículo 42 N°2 del mismo cuerpo legal, según el giro autorizado. ⏎ No podrán financiar: ⏎ Proyectos inmobiliarios de construcción de viviendas o departamentos, o loteo o subdivisión de inmuebles. ⏎ Fines especulativos, la compra de acciones o participaciones en empresas o sociedades o de otros valores mobiliarios. ⏎ Otorgamiento de créditos a personas naturales o jurídicas relacionadas en propiedad o gestión, en los términos establecidos en el artículo 100 de la Ley N°18.045. ⏎ Las establecidas en la lista de Exclusión del Informe de Gestión Ambiental y Social del Banco Interamericano de Desarrollo (BID).
Crédito Verde;No informado;No informado;Todo Chile;https://www.corfo.gob.cl/sites/cpp/convocatoria/credito_verde/;Abiertas;Programa de financiamiento, a través de instituciones financieras participantes, para potenciar el desarrollo y ejecución de proyectos que mitiguen los efectos del cambio climático y/o mejoren la sustentabilidad ambiental de las empresas, reimpulsando la inversión en iniciativas de:;Empresas privadas (Personas jurídicas y personas naturales con giro) productoras de bienes o servicios. ⏎ Para solicitarlo debes contactarte con alguna de las instituciones financieras que operan con el Programa. ⏎ Para más detalles revisar “ ⏎ Reglamento ⏎ ” ⏎ Empresas Privadas (personas jurídicas o personas naturales sujetos de crédito), productora de bienes y/o prestadoras de servicios, que cumplan con alguna de las siguientes condiciones: ⏎ Pueden operar empresa de cualquier tamaño, sin que exista un tope de ventas anuales. ⏎ Pueden operar empresas emergentes con proyección de ventas anuales sin tope.
Fondo de Desarrollo y Crecimiento Perfil Administradoras;No informado;No informado;Todo Chile;https://www.corfo.gob.cl/sites/cpp/convocatoria/fondo_de_desarrollo_crecimiento_perfil_administradoras/;Abiertas;Queremos potenciar el desarrollo de fondos de inversión de capital de riesgo que permitan el financiamiento de pequeñas y medianas empresas chilenas con alto potencial de crecimiento, y que se encuentren en etapas de expansión. Este Programa es para postulación de administradoras, según el detalle señalado en beneficiarios.;No informado
Fondo Etapas Tempranas Perfil Administradoras;No informado;No informado;Todo Chile;https://www.corfo.gob.cl/sites/cpp/convocatoria/fondo_etapas_tempranas_perfil_administradoras/;Abiertas;Queremos fomentar la creación de fondos de inversión que permitan financiar y desarrollar a las pequeñas y medianas empresas chilenas, que se encuentren en etapas tempranas y presenten potencial de crecimiento e innovación. Para ello, Corfo entrega financiamiento a los fondos de inversión, para que éstos inviertan en este tipo de empresas mediante créditos o aportes de capital. A cambio, el fondo adquiere un porcentaje de participación en la empresa y se involucra activamente en su gestión.;No informado
Fondo Etapas Tempranas Tecnológicas Perfil Administradoras;No informado;No informado;Todo Chile;https://www.corfo.gob.cl/sites/cpp/convocatoria/fondo_etapas_tempranas_tecnologicas_perfil_administradoras/;Abiertas;Queremos potenciar el desarrollo de fondos de inversión de capital de riesgo, con foco en empresas chilenas que se encuentren en etapas tempranas de desarrollo y presenten potencial de crecimiento e innovación con sectores vinculados con tecnologías.;No informado
Garantía COBEX;No informado;No informado;Todo Chile;https://www.corfo.gob.cl/sites/cpp/convocatoria/cobex/;Abiertas;ES UN MECANISMO DE APOYO para acceder a Financiamiento para la micro, pequeña, mediana y grandes empresas relacionadas directa o indirectamente con el comercio exterior (venta anual hasta UF600.000). Corfo facilita el acceso a crédito, mediante el otorgamiento de coberturas a instituciones financieras, que en su proceso de evaluación y otorgamiento de créditos requieren garantías del deudor para cursar los financiamientos para inversión y capital de trabajo, incluidas las operaciones destinadas a mitigar el riesgo de tipo de cambio, fomentando de esta forma el comercio exterior.;Empresas Privadas, productoras de bienes y/o prestadoras de servicios. ⏎ Para solicitarlo debes contactarte con alguna de las instituciones financieras que operan con nosotros. ⏎ Para más detalles revisar “ ⏎ Reglamento ⏎ ” ⏎ Empresas Privadas (personas jurídicas o personas naturales, ambas con giro vigente ante el S.I.I y sujetas de crédito), productoras de bienes y/o prestadoras de servicios, que cumplan con alguna de las siguientes condiciones: ⏎ Micro, pequeña y mediana empresas relacionadas directa o indirectamente con el comercio exterior, con ventas de hasta UF 100.000 al año (excluido el IVA) y empresas exportadoras con ventas de hasta UF 600.000 al año. ⏎ Empresas emergentes (sin historia, pero con proyección de ventas de hasta UF 100.000 al año y UF 600.000 al año en caso de ser exportadoras). ⏎ No podrán solicitarlo: ⏎ Empresas con mora superior a 60 días corridos, en la institución financiera donde solicita el financiamiento. ⏎ Empresas con solicitudes de cobro en Corfo de subsidio contingente (cobertura) registradas en los últimos 3 años.
Garantía ESCALA PRO-INVERSIÓN;No informado;No informado;Todo Chile;https://www.corfo.gob.cl/sites/cpp/convocatoria/escala_pro_inversion/;Abiertas;"ES UN MECANISMO DE APOYO para acceder a Financiamiento para Empresas con planes de crecimiento, aceleración y/o con soluciones innovadoras que hayan sido previamente beneficiarias de un instrumento de las Gerencias de Emprendimiento, Redes y Territorio, Capacidades Tecnológicas o Innova de Corfo; y cuenten con una carta de recomendación entregada por la respectiva gerencia o comité.";Empresas con planes de crecimiento, aceleración y/o con soluciones innovadoras. ⏎ Haber sido beneficiarias con algún instrumento de CORFO proveniente de las Gerencias señaladas, o de su Comité Innova Chile. ⏎ Contar con una carta de recomendación de CORFO. ⏎ Para solicitarlo debes contactarte con alguna de las instituciones financieras que operan con nosotros. ⏎ Para más detalles revisar “ ⏎ Reglamento ⏎ ” ⏎ Empresas Privadas (personas jurídicas o personas naturales, ambas con giro vigente ante el S.I.I y sujetas de crédito), productoras de bienes y/o prestadoras de servicios, que cumplan con las siguientes condiciones: ⏎ Micro, pequeña, mediana y grandes empresas con ventas hasta UF 600.000 al año (excluido el IVA) con planes de crecimiento, aceleración y/o con soluciones innovadoras. ⏎ Beneficiarias de un instrumento de las Gerencias de Emprendimiento, Redes y Territorio, Capacidades Tecnológicas o Innova de Corfo. ⏎ Tener una carta de recomendación entregada por la respectiva gerencia o comité de CORFO, la que permitirá acceder a las condiciones especiales de cobertura. ⏎ La recomendación no podrá tener una antigüedad mayor a 12 meses al momento del curse de la operación que se acoja a la cobertura. ⏎ La recomendación de CORFO no garantiza la aprobación del crédito, el que debe ser evaluado por la institución financiara. ⏎ IMPORTANTE: ⏎ La empresa debe ser sujeto de crédito y encontrarse en proceso de evaluación por parte de una institución financiera intermediaria de la modalidad, para la solicitud de recomendación se debe llenar el formulario disponible en el portal privado de Corfo en el menú Escala Proinversión. ⏎ No podrán solicitarlo: ⏎ Empresas con mora superior a 60 días corridos en los últimos 12 meses, en la institución Financiera donde solicita el crédito. ⏎ Empresas con solicitudes de cobro en Corfo de subsidio contingente (cobertura), registradas en los últimos 5 años.
Garantía FOGAIN;No informado;No informado;Todo Chile;https://www.corfo.gob.cl/sites/cpp/convocatoria/fogain/;Abiertas;ES UN MECANISMO DE APOYO para acceder a CREDITOS para micro, pequeñas y medianas empresas. Corfo facilita el acceso a crédito mediante el otorgamiento de coberturas a instituciones financieras, que en su proceso de evaluación y otorgamiento de créditos requieren garantías del deudor para cursar los financiamientos.;No informado
Garantía FOGAIN MUJER;No informado;No informado;Todo Chile;https://www.corfo.gob.cl/sites/cpp/convocatoria/fogain_mujer/;Abiertas;ES UN MECANISMO DE APOYO para acceder a FINANCIAMIENTO para micro y pequeña empresa lideradas por mujeres, de todo Chile, con necesidades de capital de trabajo, inversión y/o refinanciamiento. Para ello, Corfo otorga una garantía parcial a los créditos otorgados por Instituciones Financieras Bancarias y No Bancarias, compensando parcialmente sus pérdidas en caso de que estas empresas beneficiarias no cumplan con el pago de sus créditos.;Empresas Privadas, productoras de bienes y/o prestadoras de servicios lideradas por mujeres. ⏎ Para solicitarlo debes contactarte con alguna de las instituciones financieras que colaboran con nosotros. ⏎ Para más detalles revisar “Reglamento” ⏎ Empresas Privadas lideradas por mujeres (personas jurídicas o personas naturales sujetas a crédito), productoras de bienes y/o prestadoras de servicios, con ventas hasta UF25.000 al año (excluido el IVA). ⏎ Se entenderá que una empresa es liderada por mujeres, en los siguientes casos: ⏎ I. ⏎ Personas Natural de sexo femenino (sexo y nombre registral), mayor de 18 años. ⏎ 1. ⏎ En caso de personas natural, si la empresaria inpidual es mujer. ⏎ II. ⏎ Personas Jurídicas constituidas en Chile, que correspondan a una empresa liderada por mujeres. ⏎ 1. ⏎ En caso de persona jurídica con fines de lucro que cuente con directorio (por exigirlo la ley o porque así lo acuerden los socios o accionistas) ⏎ Que una o más mujeres tengan participación en, al menos, un 50% del capital social, con derecho a voto. En otros términos, que una o más mujeres sean dueñas de la mitad o más de la sociedad. ⏎ Que una o más mujeres tengan participación en, al menos, un 30% del capital social, con derecho a voto y que, además, una o más mujeres tengan facultad para representar a la sociedad, ya sea como directoras, gerentas, administradoras, o ejecutivas principales. ⏎ 2. ⏎ En caso de persona jurídica con fines de lucro que no cuente con directorio, en cualquiera de los dos siguientes casos: ⏎ Que una o más mujeres tengan participación en, al menos, un 50% del capital social. En otros términos, que una o más mujeres sean dueñas de la mitad o más de la sociedad. ⏎ Que una o más mujeres tengan participación en, al menos, un 30% del capital social y que, además, una o más mujeres tengan facultad para representar a la empresa. ⏎ 3. ⏎ En caso de personas jurídicas sin fines de lucro o otras (por ejemplo: corporaciones, fundaciones, asociaciones gremiales, entre otras): ⏎ Si su directorio (o el órgano al que le corresponda la administración) esta integrado, al menos, en un 50% por mujeres. En otros términos, que al menos la mitad del directorio este integrado por mujeres. ⏎ No podrán solicitarlo: ⏎ Empresas lideradas por mujeres que presenten una solicitud de cobertura en los últimos 12 meses, en cualquiera de los programas de cobertura. ⏎ Empresas con mora superior a 60 días en la institución Financiera donde solicita el crédito. ⏎ Empresas con solicitudes de cobro en Corfo de subsidio contingente registradas en los últimos 3 años.
Ley de Incentivo Tributario a la I+D;No informado;No informado;Todo Chile;https://www.corfo.gob.cl/sites/cpp/incentivo_tributario/;Abiertas;La Ley Investigación y Desarrollo (I+D) tiene por objetivo contribuir a mejorar la capacidad competitiva de las empresas chilenas, al establecer un incentivo tributario para la inversión en I+D permitiéndoles rebajar, del impuesto de primera categoría, hasta el 52,55% de los recursos destinados a actividades de investigación y desarrollo. #Ley I+D #Incentivo #Incentivo Tributario #Ley #I+D #Desarrollar #Investigar #Empresas #Ciencia #Desarrollo tecnológico #Impuesto #Beneficio Tributario;No informado
PAR GESTIÓN EFICIENTE DE RECURSOS HÍDRICOS – REGIÓN DE O’HIGGINS 2022;No informado;No informado;O'Higgins;https://www.corfo.gob.cl/sites/cpp/convocatoria/par_gestion_eficiente_de_recursos_hidricos_ohiggins/;Abiertas;Subsidio que busca mejorar el potencial productivo y fortalecer la gestión de las empresas y/o emprendedores de un territorio, apoyando proyectos vinculados a la sustentabilidad medioambiental, que incorporen la gestión eficiente de recursos hídricos, fomentando el desarrollo de sus competencias y capacidades y cofinanciando proyectos de inversión, que les permitan acceder a nuevas oportunidades de negocio y/o mantener las existentes.;Contribuyentes con actividades gravadas con el Impuesto de Primera Categoría. ⏎ Quienes cuenten con un tiempo de operación inferior a un año, deberán tener una proyección de ventas que les permita cumplir con los niveles de ventas requeridos. ⏎ Bases legales ⏎ Los proyectos deben estar vinculados a la sustentabilidad medioambiental y cambio climático, incorporando como elemento principal la eficiente gestión de recursos hídricos. ⏎ Deben demostrar ventas netas anuales entre UF 200 y UF 10.000. ⏎ Emprendedores sin inicio de actividades ante el SII, podrán postular, en la medida que su proyección de ventas cumpla con los niveles de ventas requeridos. ⏎ Los proyectos se deben desarrollar y tener dirección comercial en la Región de O’Higgins.
PAR MULTISECTORIAL IDENTIDAD REGIONAL Y PATRIMONIAL – REGIÓN DE O’HIGGINS – AÑO 2023;No informado;No informado;O'Higgins;https://www.corfo.gob.cl/sites/cpp/convocatoria/par_multisectorial_identidad_regional_y_patrimonial_oh/;Abiertas;Queremos potenciar a un grupo entre 5 y 15 empresas y/o emprendedores de una localidad o sector económico determinado, para que mejoren su competencia productiva y gestión, desarrollando planes de asistencia técnica, capacitación y cofinanciando la inversión productiva.;Contribuyentes con actividades gravadas con el Impuesto de Primera Categoría. ⏎ No podrán ser beneficiarios/as de este instrumento, las personas naturales que tengan inscripción vigente en el Registro Nacional de Deudores de Persones de Alimentos, regulado por la Ley N°21.389. ⏎ Deben demostrar ventas netas anuales entre UF 200 y UF 10.000. ⏎ Quienes cuenten con un tiempo de operación inferior a un año, deberán tener una proyección de ventas que les permita cumplir con los niveles de ventas requeridos. ⏎ Bases legales ⏎ Se focalizará en proyectos con actividades vinculadas a identidad regional y patrimonial de la Región de O’Higgins, tales como: Chamantos y mantas de Doñihue, Sal de Cáhuil, Chacolí , Licores y Mistelas de Doñihue, Mimbre de Chimbarongo, Cobre Labrado y Orfebrería de Coya, Cerámica de Pañul, Piedra Rosada y mueblistas de Pelequén. ⏎ Emprendedores sin inicio de actividades ante el SII, podrán postular, en la medida que su proyección de ventas cumpla con los niveles de ventas requeridos. ⏎ Los proyectos se deben desarrollar y tener dirección comercial en la Región de O’Higgins.
PAR MULTISECTORIAL INCLUSIÓN – REGIÓN DE O’HIGGINS – AÑO 2023;No informado;No informado;O'Higgins;https://www.corfo.gob.cl/sites/cpp/convocatoria/par_multisectorial_inclusion_oh/;Abiertas;Queremos potenciar a un grupo entre 5 y 15 empresas y/o emprendedores de una localidad o sector económico determinado, para que mejoren su competencia productiva y gestión, desarrollando planes de asistencia técnica, capacitación y cofinanciando la inversión productiva.;Contribuyentes con actividades gravadas con el Impuesto de Primera Categoría. ⏎ No podrán ser beneficiarios/as de este instrumento, las personas naturales que tengan inscripción vigente en el Registro Nacional de Deudores de Persones de Alimentos, regulado por la Ley N°21.389. ⏎ Deben demostrar ventas netas anuales entre UF 200 y UF 10.000. ⏎ Quienes cuenten con un tiempo de operación inferior a un año, deberán tener una proyección de ventas que les permita cumplir con los niveles de ventas requeridos. ⏎ Bases legales ⏎ Focalizado en proyectos pertenecientes a la categoría multisectorial y en el marco de la inclusión orientada a: proyectos postulados por empresas lideradas por personas en situación de discapacidad y/o adultos mayores. ⏎ Emprendedores sin inicio de actividades ante el SII, podrán postular, en la medida que su proyección de ventas cumpla con los niveles de ventas requeridos.
Programa de Cobertura para Instituciones de Garantía Recíproca – Cobertura IGR;No informado;No informado;Todo Chile;https://www.corfo.gob.cl/sites/cpp/convocatoria/fondos_de_garantia_a_instituciones_de_garantia_reciproca/;Abiertas;Buscamos fomentar el desarrollo de las instituciones de garantía recíproca (IGR), para que puedan garantizar créditos a micro, pequeñas y medianas empresas y, de este modo, las mipymes puedan acceder;No informado
Red Tecnológica GTT+;No informado;No informado;Arica y Parinacota, Bío Bío, Metropolitana, O'Higgins, Tarapacá;https://www.corfo.gob.cl/sites/cpp/convocatoria/gtt/;Abiertas;Si tienes interés en participar junto a otras empresas del sector silvoagropecuario en un proyecto GTT, los invitamos a postular al programa GTT+. Esta línea de apoyo busca que grupos de entre 10 y 15 empresas puedan, a través del intercambio entre pares y asistencias técnicas, cerrar brechas tecnológicas y de gestión, incorporando herramientas y mejores prácticas productivas, fomentando la construcción de alianzas entre los empresarios para ampliar el capital relacional, mejorar su productividad y posición competitiva.;Empresas, Personas Jurídicas ⏎ Bases legales ⏎ Los beneficiarios deberán tener giro silvoagropecuario y demostrar, en forma individual, ventas netas anuales superiores a UF 2.400.- (dos mil cuatrocientas Unidades de Fomento) y que no excedan de UF 600.000.- (seiscientas mil Unidades de Fomento). ⏎ En un proyecto se podrá incorporar beneficiarios de menor nivel de ventas a los señalados, los que en conjunto, no deberán exceder el 35% del número total de éstos. ⏎ Al postular, el proyecto deberá contar con un mínimo de 10 y un máximo de 15 beneficiarios y, durante su ejecución, su número podrá reducirse hasta 8 beneficiarios.
Solicitud previa de aprobación de proyectos de I+D – artículo 41 G LIR;No informado;No informado;Todo Chile;https://www.corfo.gob.cl/sites/cpp/convocatoria/solicitud_aprobacion_proyectos_excepcion_rentas_pasivas/;Abiertas;Procedimiento para solicitar a Corfo, en el marco del régimen ProPyme de la letra D del artículo 14 de la LIR, la certificación previa de acuerdos que se celebren para el financiamiento mediante la participación en Pymes, con la finalidad de apoyar puesta en marcha, desarrollo o crecimiento de emprendimientos o de proyectos de innovación tecnológica. En mérito de dicha certificación, no se entenderán entidades relacionadas con la Pyme, aquellas que participen en ella con ese fin y, por lo tanto, no se consideran para el cálculo de los ingresos brutos de la Pyme.;Contribuyentes o patrimonios de afectación con domicilio, residencia o constituidos en Chile ⏎ Bases legales ⏎ Que – directa o indirectamente – controlan una o más entidades sin domicilio ni residencia en el país, de acuerdo con las definiciones y requisitos señalados en el artículo 41 G de la LIR.
Solicitud previa de certificación de acuerdos – artículo 14 LIR;No informado;No informado;Todo Chile;https://www.corfo.gob.cl/sites/cpp/convocatoria/certificacion_acuerdo_financiamiento_participacion_pyme/;Abiertas;Procedimiento para solicitar a Corfo, en el marco del régimen ProPyme de la letra D del artículo 14 de la LIR, la certificación previa de acuerdos que se celebren para el financiamiento mediante la participación en Pymes, con la finalidad de apoyar puesta en marcha, desarrollo o crecimiento de emprendimientos o de proyectos de innovación tecnológica. En mérito de dicha certificación, no se entenderán entidades relacionadas con la Pyme, aquellas que participen en ella con ese fin y, por lo tanto, no se consideran para el cálculo de los ingresos brutos de la Pyme.;Empresas que reúna las condiciones copulativas indicadas en el número 1 de la letra D) del artículo 14 de la LIR. ⏎ Bases legales ⏎ Empresas contribuyentes de la 1ra. Categoría Ley impuesto a la renta, revisar en Bases y Descargables archivo “Otros requisitos señalados en el número 1 de la letra D) del artículo 14 de la LIR”.
